"Description","Price","Ratings","Reviews","Rank_by_Price","Rank_by_Rating"
"Hanes Men's T-Shirt, Beefy-T Heavyweight Cotton Crewneck Tee, 1 or 2 Pack, Available in Tall Sizes  ",7,4.5,"Customers like the fit, comfort, and color variety of the shirt. They mention it feels comfortable, is soft, and doesn't show wrinkles. Some appreciate the value for money, saying it's worth buying. Customers also appreciate the thickness and breathability of the material. However, some customers dislike that the shirts are tagless.",1,7
"Gildan Unisex Adult Ultra Cotton T-Shirt, Style G2000, Multipack  ",9,4.5,"Customers like the fit, quality, and comfort of the shirt. They mention it's well-made, hugging just right without being too tight or too loose, and is easy to put on. Some also appreciate the value for money and sexiness. However, some customers differ on shrinkage and material thickness.",2,7
"Gildan Unisex Adult Ultra Cotton T-Shirt, Style G2000, Multipack  ",9,4.5,"Customers like the fit, sexiness, and material quality of the shirt. They mention it fits well, has a nice tailored look, and is made of good quality material. Some say it feels silky and is great for workouts. Overall, customers are satisfied with the product's quality and value.",2,7
"Champion Men's Classic Long Sleeve Soft, Comfortable T-Shirt (Regular or Big & Tall)  ",11,4.6,"Customers like the fit, material quality, and look of the shirt. They mention it's dry-fitting, holds up well, and looks good. Some say the material is comfortable and breathable. Overall, customers are happy with the value for money, lightweight material, and breathable fabric.",4,2
"Comfort Colors Adult Heavyweight Short Sleeve Tee, Style G1717/G1745  ",11,4.5,"Customers like the comfort, value, and sizing of the shirt. They mention that the material is comfortable, soft, and the neck on this t-shirt is perfect. Some also like the lightweight design. However, some customers dislike the stitching quality. Opinions are mixed on the fit, material quality, and color accuracy.",4,7
"Amazon Essentials Women's Classic-Fit Long-Sleeve Crewneck T-Shirt (Available in Plus Size)  ",11,4.4,"Customers like the softness and value of the shirt. They mention it feels almost double knit, is a good buy, and has a nice color. However, some customers have reported that the shirts shrink and the stitching comes undone. They are also disappointed with the material thickness. Opinions are mixed on the fit, quality, and pocket size.",4,18
"ATHMILE Womens Oversized T Shirts Loose Fit Crewneck Short Sleeve Tops Summer Casual Blouse Y2K 2024 Basic Tee  ",11,4.3,"Customers like the fit, quality, and comfort of the shirt. They mention it's true to size, holds up well when washed, and feels soft. Some also say the sexiness and value for money are good. Customers are also happy with the color quality. However, some customers have issues with shrinkage and mixed opinions on the material thickness.",4,25
"Ebifin Womens Oversized Tshirts V Neck Tee Shirts Half Sleeve Loose Fit T Shirt Cotton Tunic Tops 2024  ",11,4,"Customers like the comfort, looks, and value of the shirt. They mention it's soft, cozy, and breathable. Some also appreciate the lightweight, warmth, and color variety. However, some customers differ on the fit and material quality.",4,30
"ATHMILE T Shirts Short Sleeve V Neck Tees for Women Fashion Tops Trendy Lightweight Soft Casual Summer Outfits Clothes 2024  ",12,4.4,"Customers like the fit, quality, and color of the shirt. They mention it's well-made, lasts through many wear cycles, and is a great value for money. However, some customers have mixed opinions on the softness, material thickness, shrinkage, and color accuracy.",9,18
"Under Armour Men's Tech 2.0 Short-Sleeve T-Shirt  ",14,4.5,"Customers like the fit, comfort, and quality of the shirt. They mention the lengths of the sleeves and bottom are set well, and the material is soft. Some also say it looks great and feels great true to size. Customers also like the value for money and stretchiness. However, some customers disagree on the material and fabric quality.",10,7
"Hanes Men's Cotton, Moisture-Wicking Crew Tee Undershirts, Multi-Packs Available  ",15,4.5,"Customers like the fit, quality, and comfort of the shirt. They mention it's great for big and tall men, the sleeves have a good amount of room, and it's made well. Some also say it's good value for money and the length is great. Customers are also satisfied with the color and product quality. However, some customers differ on the shrinkage.",11,7
"Fruit of the Loom Men's Eversoft Cotton Stay Tucked Crew T-shirt  ",16,4.6,"Customers like the fit, comfort, and quality of the shirt. They mention it's long enough to tuck in, very soft, and durable. Some also like the tuck-in length and thickness. However, some customers are disappointed with the material thickness and have mixed opinions on shrinkage.",12,2
"Fruit of the Loom Men's Sleeveless Tank A-Shirt, Tag Free & Moisture Wicking, Ribbed Stretch Fabric  ",16,4.6,"Customers like the quality, comfort, and weight of the shirt. They mention it's fine for athletic use, feels nice, and is comfortable in the heat. Some also like the value for money and sexiness. However, some customers have reported that the material is very thin and see-through. Opinions are mixed on the fit.",12,2
"Roselux Women Crew Neck Ribbed Fitted Tight Tshirt Short Sleeve Shirt Basic Knit Top  ",16,4.4,"Customers like the fit, appearance, and quality of the shirt. They mention it's comfortable, looks good, and is made well. Some appreciate the value for money, saying it holds up well after multiple washes. Customers also like the color selection, workout value, and breathable fabric.",12,18
"Fruit of the Loom Men's Eversoft Cotton Stay Tucked V-Neck T-Shirt  ",17,4.6,"Customers like the fit and quality of the shirt. They mention it's comfortable and tight around their arms. However, some customers have reported that the material is super thin.",15,2
"Amazon Essentials Women's Classic-Fit Short-Sleeve Crewneck T-Shirt, Multipacks  ",17,4.4,"Customers like the fit, comfort, and appearance of the shirt. They mention it fits over their broad chest and arms great, while not providing a boxy shape to their torso. However, some are disappointed with the stitching quality and material thickness. Opinions differ on the quality, value for money, and shrinkage.",15,18
"Gildan Men's V-Neck T-Shirts, Multipack, Style G1103  ",18,4.5,"Customers appreciate the quality and value of the shirt. They mention it's well-stitched, durable, and worth the buy. However, some customers dislike that it shrinks. Opinions are mixed on the fit, comfort, material thickness, and color.",17,7
"Hanes Mens Cotton, Moisture-wicking V-neck Tee Undershirts, Multiple Packs And Colors  ",18,4.5,"Customers like the comfort, flattering fit, and quality of the shirt. They mention it's perfect for casual wear, looks cute, and maintains a good clean appearance even after washing. Some customers have issues with fabric stiffness. Opinions are mixed on sizing, color accuracy, material thickness, and shrinkage.",17,7
"This Is My - Golfing Lover Golf Player Golfer T-Shirt  ",19,5,"Customers like the comfort, color, and quality of the shirt. They mention it's very soft, the colors are pretty, and the look is modern. Some are satisfied with the value for money and weight. However, some customers have different opinions on the fit and thickness.",19,1
"V VALANCH Mens Polo Shirts Short Sleeve Moisture Wicking Golf Polo Athletic Collared Shirt Tennis T-Shirt Tops  ",19,4.4,"Customers like the sturdiness, quality, and comfort of the shirt. They mention it's well-made, feels great, and provides good value for the cost. Some also like the warmth. However, some customers have mixed opinions on the fit, compression, and stretchiness.",19,18
"INTO THE AM Mens T Shirt - Short Sleeve Crew Neck Soft Fitted Tees S - 4XL Fresh Classic Tshirts  ",19,4.3,"Customers like the fit, quality, and comfort of the shirt. They mention it's true to its stated size, feels comfortable, and is easy to wear for workouts. Some also appreciate the value for money and color. Additionally, customers like the look, material thickness, and fabric quality.",19,25
"YTD Mens Casual Slim Fit Basic Henley Long Sleeve Fashion T-Shirt  ",19,4.3,"Customers like the softness, color, and value of the shirt. They mention it's comfortable, looks awesome, and is an excellent shirt for the price. However, some dislike the material thickness and logo quality. Opinions are mixed on the fit, quality, and color accuracy.",19,25
"Hanes Men's Pocket Undershirt Pack, Cotton Crew Neck T-Shirt, Moisture Wicking Tee, Assorted 6-Pack  ",21,4.4,NA,23,18
"Neleus Men's Running Tank Tops 3 Pack Sleeveless Workout Athletic Shirts with Hoods  ",23,4.5,"Customers like the fit and softness of the shirt. They mention it's slimming, not short and boxy, and they are impressed with the texture. However, some customers have reported that the material is very thin and fragile. Opinions differ on value for money and shrinkage.",24,7
"NELEUS Men's Dry Fit Long Sleeve Athletic Running Shirts  ",25,4.5,"Customers like the quality, fit, and sexiness of the shirt. They mention it's reliable, holds up well, and accommodates diverse body types. Some appreciate the value for money and sexiness. However, some customers have issues with shrinkage and differ on the thickness and color.",25,7
"Gildan Men's Crew T-Shirts, Multipack, Style G1100  ",27,4.6,"Customers like the quality, weight, and comfort of the shirt. They mention it's reliable, thick, and breathable. Some appreciate the value for money and say it's the best deal for tall shirts. However, some customers have mixed opinions on the fit, shrinkage, and color.",26,2
"ZITY 3 Pack Polo Shirts for Men with Pocket Short Sleeve Moisture Wicking Outdoor Tactical Shirt Summer Casual  ",28,4.3,"Customers like the quality, comfort, and looks of the shirt. They mention the stitching is really well done, it's durable through several washings, and feels nice. Some also say it's a great buy and a good value for money. Customers are satisfied with the workout material and warmth. However, some customers have mixed opinions on the fit.",27,25
"Real Essentials 4 Pack: Men's Dry-Fit UV Moisture Wicking UPF 50+ SPF Sun Protective Fishing Hiking Active Long Sleeve Shirt  ",29,4.4,"Customers like the fit, quality, and comfort of the shirt. They mention it's perfect for an oversized tee, holds up well after multiple washes, and looks good. Some appreciate the weight and color. However, some customers are disappointed with the material thickness.",28,18
"NELEUS Dry Fit Workout Athletic Muscle Tank Top Running Shirts with Hoods  ",30,4.5,"Customers like the quality, sexiness, and comfort of the shirt. They mention it's pleasant, stays looking nice after multiple washes, and is comfortable to wear all day. Some appreciate the value for money. However, some customers differ on the fit, shrinkage, material thickness, and color accuracy.",29,7
"Kingsted T-Shirts for Men Pack - Royally Comfortable - Super Soft Premium Fabric - Well-Crafted Classic Tee  ",36,4.3,"Customers like the fit, quality, and comfort of the shirt. They mention it stays neatly in place, is nice to wear around the house, and has great value for money. Some are also happy with tucking and weight. However, some customers have reported that the shirt shrinks a bit after one wash. Opinions are mixed on the material thickness.",30,25
